"username","email","first_name","password"
"olivia","olivia.smith@example.com","Olivia","password123"
"liam","liam.johnson@example.com","Liam","password123"
"emma","emma.williams@example.com","Emma","password123"
"noah","noah.brown@example.com","Noah","password123"
"ava","ava.jones@example.com","Ava","password123"
"elijah","elijah.miller@example.com","Elijah","password123"
"sophia","sophia.davis@example.com","Sophia","password123"
"lucas","lucas.garcia@example.com","Lucas","password123"
"isabella","isabella.rodriguez@example.com","Isabella","password123"
"mason","mason.martinez@example.com","Mason","password123"
"mia","mia.hernandez@example.com","Mia","password123"
"ethan","ethan.lopez@example.com","Ethan","password123"
"amelia","amelia.gonzalez@example.com","Amelia","password123"
"logan","logan.wilson@example.com","Logan","password123"
"harper","harper.anderson@example.com","Harper","password123"
"jacob","jacob.thomas@example.com","Jacob","password123"
"evelyn","evelyn.taylor@example.com","Evelyn","password123"
"benjamin","benjamin.moore@example.com","Benjamin","password123"
"abigail","abigail.jackson@example.com","Abigail","password123"
"james","james.martin@example.com","James","password123"
"ella","ella.lee@example.com","Ella","password123"
"henry","henry.perez@example.com","Henry","password123"
"scarlett","scarlett.white@example.com","Scarlett","password123"
"alexander","alexander.harris@example.com","Alexander","password123"
"grace","grace.clark@example.com","Grace","password123"
"william","william.robinson@example.com","William","password123"
"chloe","chloe.walker@example.com","Chloe","password123"
"daniel","daniel.young@example.com","Daniel","password123"
"aria","aria.allen@example.com","Aria","password123"
"michael","michael.king@example.com","Michael","password123"
"ella_parker","ella.parker@example.com","Ella","password123"
"sebastian","sebastian.green@example.com","Sebastian","password123"
"zoe","zoe.baker@example.com","Zoe","password123"
"jack","jack.hall@example.com","Jack","password123"
"nora","nora.adams@example.com","Nora","password123"
"owen","owen.mitchell@example.com","Owen","password123"
"luna","luna.campbell@example.com","Luna","password123"
"jackson","jackson.carter@example.com","Jackson","password123"
"violet","violet.phillips@example.com","Violet","password123"
"levi","levi.evans@example.com","Levi","password123"
"hazel","hazel.turner@example.com","Hazel","password123"
"mateo","mateo.torres@example.com","Mateo","password123"
"carter","carter.collins@example.com","Carter","password123"
"riley","riley.edwards@example.com","Riley","password123"
"zoemorris","zoe.morris@example.com","Zoe","password123"
"isaac","isaac.reed@example.com","Isaac","password123"
"lily","lily.hughes@example.com","Lily","password123"
"theo","theo.cook@example.com","Theo","password123"
